<?xml version="1.0" encoding="UTF-8"?>
<project-private xmlns="http://www.netbeans.org/ns/project-private/1">
    <editor-bookmarks xmlns="http://www.netbeans.org/ns/editor-bookmarks/2" lastBookmarkId="0"/>
    <open-files xmlns="http://www.netbeans.org/ns/projectui-open-files/2">
        <group>
            <file>file:/C:/Users/James/Desktop/CitationTester4-Goddamn-master/CitationTester4-Goddamn-master/src/citationmachinetester/Website.java</file>
            <file>file:/C:/Users/James/Desktop/CitationTester4-Goddamn-master/CitationTester4-Goddamn-master/src/citationmachinetester/Book.java</file>
            <file>file:/C:/Users/James/Desktop/CitationTester4-Goddamn-master/CitationTester4-Goddamn-master/src/citationmachinetester/CitationMachine.java</file>
            <file>file:/C:/Users/James/Desktop/CitationTester4-Goddamn-master/CitationTester4-Goddamn-master/src/citationmachinetester/Film.java</file>
            <file>file:/C:/Users/James/Desktop/CitationTester4-Goddamn-master/CitationTester4-Goddamn-master/src/citationmachinetester/CitationGUI.java</file>
            <file>file:/C:/Users/James/Desktop/CitationTester4-Goddamn-master/CitationTester4-Goddamn-master/src/citationmachinetester/Magazine.java</file>
        </group>
    </open-files>
</project-private>
